{
    "trial_name": "trial_3",
    "model_type": "svc",
    "method": "mutual_info",
    "overall_adr": 0.6820075757575758,
    "devices": {
        "device1": {
            "auth_tvr": 0.3333333333333333,
            "auth_fvr": 0.0,
            "rogue_tvr": 1.0
        },
        "device10": {
            "auth_tvr": 0.0,
            "auth_fvr": 0.058823529411764705,
            "rogue_tvr": 1.0
        },
        "device9": {
            "auth_tvr": 0.5,
            "auth_fvr": 0.0625,
            "rogue_tvr": 0.9454545454545454
        },
        "device8": {
            "auth_tvr": 0.3333333333333333,
            "auth_fvr": 0.0,
            "rogue_tvr": 1.0
        },
        "device12": {
            "auth_tvr": 0.0,
            "auth_fvr": 0.058823529411764705,
            "rogue_tvr": 0.9454545454545454
        },
        "device11": {
            "auth_tvr": 0.0,
            "auth_fvr": 0.058823529411764705,
            "rogue_tvr": 0.9818181818181818
        },
        "device6": {
            "auth_tvr": 1.0,
            "auth_fvr": 0.0,
            "rogue_tvr": 0.9636363636363636
        },
        "device7": {
            "auth_tvr": 1.0,
            "auth_fvr": 0.0625,
            "rogue_tvr": 0.9090909090909091
        }
    }
}