{
    "trial_name": "trial_2",
    "model_type": "svc",
    "method": "anova",
    "overall_adr": 0.8617804551539492,
    "devices": {
        "device10": {
            "auth_tvr": 1.0,
            "auth_fvr": 0.0,
            "rogue_tvr": 0.9518072289156626
        },
        "device6": {
            "auth_tvr": 1.0,
            "auth_fvr": 0.0,
            "rogue_tvr": 0.9518072289156626
        },
        "device12": {
            "auth_tvr": 1.0,
            "auth_fvr": 0.0,
            "rogue_tvr": 0.9759036144578314
        },
        "device3": {
            "auth_tvr": 1.0,
            "auth_fvr": 0.1,
            "rogue_tvr": 0.8795180722891566
        },
        "device11": {
            "auth_tvr": 0.0,
            "auth_fvr": 0.08333333333333333,
            "rogue_tvr": 0.963855421686747
        },
        "device1": {
            "auth_tvr": 0.6666666666666666,
            "auth_fvr": 0.1,
            "rogue_tvr": 0.9518072289156626
        }
    }
}