{
    "trial_name": "trial_2",
    "model_type": "svc",
    "method": "mutual_info",
    "overall_adr": 0.8301539491298527,
    "devices": {
        "device10": {
            "auth_tvr": 0.0,
            "auth_fvr": 0.0,
            "rogue_tvr": 0.9879518072289156
        },
        "device6": {
            "auth_tvr": 1.0,
            "auth_fvr": 0.0,
            "rogue_tvr": 0.9518072289156626
        },
        "device12": {
            "auth_tvr": 1.0,
            "auth_fvr": 0.0,
            "rogue_tvr": 0.963855421686747
        },
        "device3": {
            "auth_tvr": 0.6666666666666666,
            "auth_fvr": 0.0,
            "rogue_tvr": 0.9759036144578314
        },
        "device11": {
            "auth_tvr": 1.0,
            "auth_fvr": 0.0,
            "rogue_tvr": 0.9879518072289156
        },
        "device1": {
            "auth_tvr": 0.5,
            "auth_fvr": 0.1,
            "rogue_tvr": 0.927710843373494
        }
    }
}