{
    "trial_name": "trial_2",
    "model_type": "svc",
    "method": "rfe",
    "overall_adr": 0.970,
    "devices": {
        "device10": {
            "auth_tvr": 1.0,
            "auth_fvr": 0.09090909090909091,
            "rogue_tvr": 0.9397590361445783
        },
        "device6": {
            "auth_tvr": 1.0,
            "auth_fvr": 0.0,
            "rogue_tvr": 0.9518072289156626
        },
        "device12": {
            "auth_tvr": 1.0,
            "auth_fvr": 0.08333333333333333,
            "rogue_tvr": 0.9518072289156626
        },
        "device3": {
            "auth_tvr": 0.6666666666666666,
            "auth_fvr": 0.0,
            "rogue_tvr": 0.9036144578313253
        },
        "device11": {
            "auth_tvr": 1.0,
            "auth_fvr": 0.08333333333333333,
            "rogue_tvr": 0.9879518072289156
        },
        "device1": {
            "auth_tvr": 0.6666666666666666,
            "auth_fvr": 0.0,
            "rogue_tvr": 0.9518072289156626
        }
    }
}