{
    "trial_name": "trial_3",
    "model_type": "logistic_regression",
    "method": "anova",
    "overall_adr": 0.975,
    "devices": {
        "device1": {
            "auth_tvr": 1.0,
            "auth_fvr": 0.0,
            "rogue_tvr": 0.9636363636363636
        },
        "device10": {
            "auth_tvr": 1.0,
            "auth_fvr": 0.0,
            "rogue_tvr": 0.9636363636363636
        },
        "device9": {
            "auth_tvr": 1.0,
            "auth_fvr": 0.0625,
            "rogue_tvr": 0.8727272727272727
        },
        "device8": {
            "auth_tvr": 1.0,
            "auth_fvr": 0.06666666666666667,
            "rogue_tvr": 0.9090909090909091
        },
        "device12": {
            "auth_tvr": 1.0,
            "auth_fvr": 0.0,
            "rogue_tvr": 1.0
        },
        "device11": {
            "auth_tvr": 1.0,
            "auth_fvr": 0.0,
            "rogue_tvr": 1.0
        },
        "device6": {
            "auth_tvr": 1.0,
            "auth_fvr": 0.0,
            "rogue_tvr": 0.9636363636363636
        },
        "device7": {
            "auth_tvr": 1.0,
            "auth_fvr": 0.06666666666666667,
            "rogue_tvr": 0.9272727272727272
        }
    }
}