{
    "trial_name": "trial_3",
    "model_type": "logistic_regression",
    "method": "pca",
    "overall_adr": 0.9712121212121212,
    "devices": {
        "device1": {
            "auth_tvr": 1.0,
            "auth_fvr": 0.13333333333333333,
            "rogue_tvr": 1.0
        },
        "device10": {
            "auth_tvr": 1.0,
            "auth_fvr": 0.11764705882352941,
            "rogue_tvr": 1.0
        },
        "device9": {
            "auth_tvr": 1.0,
            "auth_fvr": 0.0,
            "rogue_tvr": 1.0
        },
        "device8": {
            "auth_tvr": 0.6666666666666666,
            "auth_fvr": 0.125,
            "rogue_tvr": 1.0
        },
        "device12": {
            "auth_tvr": 1.0,
            "auth_fvr": 0.11764705882352941,
            "rogue_tvr": 0.9272727272727272
        },
        "device11": {
            "auth_tvr": 1.0,
            "auth_fvr": 0.5294117647058824,
            "rogue_tvr": 0.9454545454545454
        },
        "device6": {
            "auth_tvr": 1.0,
            "auth_fvr": 0.06666666666666667,
            "rogue_tvr": 1.0
        },
        "device7": {
            "auth_tvr": 1.0,
            "auth_fvr": 0.0,
            "rogue_tvr": 1.0
        }
    }
}