{
    "trial_name": "trial_3",
    "model_type": "knn",
    "method": "mutual_info",
    "overall_adr": 0.9233901515151515,
    "devices": {
        "device1": {
            "auth_tvr": 1.0,
            "auth_fvr": 0.0625,
            "rogue_tvr": 0.9454545454545454
        },
        "device10": {
            "auth_tvr": 1.0,
            "auth_fvr": 0.0,
            "rogue_tvr": 0.9818181818181818
        },
        "device9": {
            "auth_tvr": 0.6666666666666666,
            "auth_fvr": 0.0,
            "rogue_tvr": 0.9818181818181818
        },
        "device8": {
            "auth_tvr": 0.6666666666666666,
            "auth_fvr": 0.06666666666666667,
            "rogue_tvr": 0.9272727272727272
        },
        "device12": {
            "auth_tvr": 1.0,
            "auth_fvr": 0.0,
            "rogue_tvr": 0.9818181818181818
        },
        "device11": {
            "auth_tvr": 1.0,
            "auth_fvr": 0.0,
            "rogue_tvr": 0.9636363636363636
        },
        "device6": {
            "auth_tvr": 0.75,
            "auth_fvr": 0.07142857142857142,
            "rogue_tvr": 0.9454545454545454
        },
        "device7": {
            "auth_tvr": 1.0,
            "auth_fvr": 0.0,
            "rogue_tvr": 0.9636363636363636
        }
    }
}