{
    "trial_name": "trial_2",
    "model_type": "xgb",
    "method": "anova",
    "overall_adr": 0.860,
    "devices": {
        "device10": {
            "auth_tvr": 0.0,
            "auth_fvr": 0.09090909090909091,
            "rogue_tvr": 0.9518072289156626
        },
        "device6": {
            "auth_tvr": 1.0,
            "auth_fvr": 0.0,
            "rogue_tvr": 0.9518072289156626
        },
        "device12": {
            "auth_tvr": 0.5,
            "auth_fvr": 0.0,
            "rogue_tvr": 1.0
        },
        "device3": {
            "auth_tvr": 1.0,
            "auth_fvr": 0.0,
            "rogue_tvr": 0.963855421686747
        },
        "device11": {
            "auth_tvr": 1.0,
            "auth_fvr": 0.0,
            "rogue_tvr": 0.9879518072289156
        },
        "device1": {
            "auth_tvr": 1.0,
            "auth_fvr": 0.0,
            "rogue_tvr": 0.963855421686747
        }
    }
}