{
    "trial_name": "trial_2",
    "model_type": "xgb",
    "method": "rfe",
    "overall_adr": 0.671,
    "devices": {
        "device10": {
            "auth_tvr": 0.0,
            "auth_fvr": 0.0,
            "rogue_tvr": 0.9518072289156626
        },
        "device6": {
            "auth_tvr": 1.0,
            "auth_fvr": 0.0,
            "rogue_tvr": 0.963855421686747
        },
        "device12": {
            "auth_tvr": 0.0,
            "auth_fvr": 0.0,
            "rogue_tvr": 0.9759036144578314
        },
        "device3": {
            "auth_tvr": 0.6666666666666666,
            "auth_fvr": 0.0,
            "rogue_tvr": 0.9759036144578314
        },
        "device11": {
            "auth_tvr": 0.0,
            "auth_fvr": 0.0,
            "rogue_tvr": 0.9518072289156626
        },
        "device1": {
            "auth_tvr": 0.6666666666666666,
            "auth_fvr": 0.1,
            "rogue_tvr": 0.9036144578313253
        }
    }
}