{
    "trial_name": "trial_1",
    "model_type": "knn",
    "method": "pca",
    "overall_adr": 0.8895833333333334,
    "devices": {
        "device3": {
            "auth_tvr": 1.0,
            "auth_fvr": 0.14285714285714285,
            "rogue_tvr": 1.0
        },
        "device2": {
            "auth_tvr": 0.5,
            "auth_fvr": 0.14285714285714285,
            "rogue_tvr": 0.95
        },
        "device12": {
            "auth_tvr": 1.0,
            "auth_fvr": 0.0,
            "rogue_tvr": 1.0
        },
        "device9": {
            "auth_tvr": 0.6666666666666666,
            "auth_fvr": 0.14285714285714285,
            "rogue_tvr": 1.0
        }
    }
}