{
    "trial_name": "trial_2",
    "model_type": "gradient_boosting",
    "method": "pca",
    "overall_adr": 0.8243808567603748,
    "devices": {
        "device10": {
            "auth_tvr": 0.5,
            "auth_fvr": 0.09090909090909091,
            "rogue_tvr": 1.0
        },
        "device6": {
            "auth_tvr": 0.75,
            "auth_fvr": 0.1111111111111111,
            "rogue_tvr": 1.0
        },
        "device12": {
            "auth_tvr": 1.0,
            "auth_fvr": 0.0,
            "rogue_tvr": 1.0
        },
        "device3": {
            "auth_tvr": 0.6666666666666666,
            "auth_fvr": 0.1,
            "rogue_tvr": 1.0
        },
        "device11": {
            "auth_tvr": 0.0,
            "auth_fvr": 0.08333333333333333,
            "rogue_tvr": 0.9759036144578314
        },
        "device1": {
            "auth_tvr": 1.0,
            "auth_fvr": 0.3,
            "rogue_tvr": 1.0
        }
    }
}