{
    "trial_name": "trial_2",
    "model_type": "logistic_regression",
    "method": "mutual_info",
    "overall_adr": 0.9708835341365463,
    "devices": {
        "device10": {
            "auth_tvr": 1.0,
            "auth_fvr": 0.0,
            "rogue_tvr": 0.9879518072289156
        },
        "device6": {
            "auth_tvr": 1.0,
            "auth_fvr": 0.0,
            "rogue_tvr": 0.9518072289156626
        },
        "device12": {
            "auth_tvr": 1.0,
            "auth_fvr": 0.09090909090909091,
            "rogue_tvr": 0.927710843373494
        },
        "device3": {
            "auth_tvr": 1.0,
            "auth_fvr": 0.0,
            "rogue_tvr": 0.8674698795180723
        },
        "device11": {
            "auth_tvr": 1.0,
            "auth_fvr": 0.0,
            "rogue_tvr": 1.0
        },
        "device1": {
            "auth_tvr": 1.0,
            "auth_fvr": 0.1,
            "rogue_tvr": 0.9156626506024096
        }
    }
}