{
    "trial_name": "trial_3",
    "model_type": "xgb",
    "method": "rfe",
    "overall_adr": 0.7051136363636363,
    "devices": {
        "device1": {
            "auth_tvr": 1.0,
            "auth_fvr": 0.0,
            "rogue_tvr": 0.9818181818181818
        },
        "device10": {
            "auth_tvr": 0.0,
            "auth_fvr": 0.058823529411764705,
            "rogue_tvr": 0.9454545454545454
        },
        "device9": {
            "auth_tvr": 0.6666666666666666,
            "auth_fvr": 0.0,
            "rogue_tvr": 0.9636363636363636
        },
        "device8": {
            "auth_tvr": 0.3333333333333333,
            "auth_fvr": 0.0625,
            "rogue_tvr": 0.9454545454545454
        },
        "device12": {
            "auth_tvr": 0.0,
            "auth_fvr": 0.0,
            "rogue_tvr": 0.9818181818181818
        },
        "device11": {
            "auth_tvr": 0.0,
            "auth_fvr": 0.0,
            "rogue_tvr": 1.0
        },
        "device6": {
            "auth_tvr": 1.0,
            "auth_fvr": 0.0,
            "rogue_tvr": 0.9636363636363636
        },
        "device7": {
            "auth_tvr": 0.5,
            "auth_fvr": 0.0625,
            "rogue_tvr": 1.0
        }
    }
}