{
    "trial_name": "trial_3",
    "model_type": "gradient_boosting",
    "method": "mutual_info",
    "overall_adr": 0.9636363636363636,
    "devices": {
        "device1": {
            "auth_tvr": 1.0,
            "auth_fvr": 0.0625,
            "rogue_tvr": 0.8727272727272727
        },
        "device10": {
            "auth_tvr": 1.0,
            "auth_fvr": 0.058823529411764705,
            "rogue_tvr": 0.9272727272727272
        },
        "device9": {
            "auth_tvr": 1.0,
            "auth_fvr": 0.06666666666666667,
            "rogue_tvr": 0.9454545454545454
        },
        "device8": {
            "auth_tvr": 1.0,
            "auth_fvr": 0.0,
            "rogue_tvr": 0.8909090909090909
        },
        "device12": {
            "auth_tvr": 1.0,
            "auth_fvr": 0.0,
            "rogue_tvr": 1.0
        },
        "device11": {
            "auth_tvr": 1.0,
            "auth_fvr": 0.0,
            "rogue_tvr": 0.9636363636363636
        },
        "device6": {
            "auth_tvr": 1.0,
            "auth_fvr": 0.06666666666666667,
            "rogue_tvr": 0.9090909090909091
        },
        "device7": {
            "auth_tvr": 1.0,
            "auth_fvr": 0.125,
            "rogue_tvr": 0.9090909090909091
        }
    }
}