{
    "trial_name": "trial_3",
    "model_type": "gradient_boosting",
    "method": "pca",
    "overall_adr": 0.8802083333333333,
    "devices": {
        "device1": {
            "auth_tvr": 1.0,
            "auth_fvr": 0.1875,
            "rogue_tvr": 1.0
        },
        "device10": {
            "auth_tvr": 0.5,
            "auth_fvr": 0.0,
            "rogue_tvr": 1.0
        },
        "device9": {
            "auth_tvr": 0.5,
            "auth_fvr": 0.0625,
            "rogue_tvr": 1.0
        },
        "device8": {
            "auth_tvr": 0.6666666666666666,
            "auth_fvr": 0.0625,
            "rogue_tvr": 1.0
        },
        "device12": {
            "auth_tvr": 1.0,
            "auth_fvr": 0.058823529411764705,
            "rogue_tvr": 1.0
        },
        "device11": {
            "auth_tvr": 1.0,
            "auth_fvr": 0.058823529411764705,
            "rogue_tvr": 1.0
        },
        "device6": {
            "auth_tvr": 0.75,
            "auth_fvr": 0.13333333333333333,
            "rogue_tvr": 1.0
        },
        "device7": {
            "auth_tvr": 0.6666666666666666,
            "auth_fvr": 0.06666666666666667,
            "rogue_tvr": 1.0
        }
    }
}